w_x,w_y,w_z,a_x,a_y,a_z,m_x,m_y,m_z,h,Vn,Ve,Vd,Pn,Pe,Pd
-0.026449980390384615,0.020898088325000005,-0.01555102777923077,-1.304777175173077,-0.09513262751923073,-9.276191457692308,0.27166256600000005,-0.0786072116,0.389236225,0.0,-0.037308548,-0.064107664,-1.6907132,6.0945344,-0.48432758,-5.235445
0.04792237393199999,0.05861643848600001,-0.011164187417439998,-1.3007469802,-0.13216001351999998,-9.322637758000003,0.2692206311111111,-0.07860721133333334,0.39150904111111107,0.3475963466770082,0.044281147,-0.05486037,-1.616667,6.096443,-0.49390024,-5.5600114
0.04443746629600001,0.009178051831940003,0.0020981764608,-1.4061434969000002,-0.030800212240000003,-9.265356679999998,0.2692206277777778,-0.07505580933333333,0.39221928333333334,0.2914676247062289,0.12990862,-0.051463068,-1.51515,6.1197376,-0.50811785,-5.87948
-0.018306773014,0.02683024811200001,0.015741028882,-1.4089067114200007,-0.02656073724,-9.208937050000001,0.26592070333333334,-0.07408724422222222,0.3907987722222222,0.1544740069043442,0.16797253,-0.03581078,-1.4140863,6.1427026,-0.5156786,-6.1755075
-0.005225346520800001,0.06524768938,0.008207307758600003,-1.2463165879799996,-0.060272033119999985,-9.374046812,0.26913812875,-0.0764279425,0.37237648875000007,0.3695182800292969,0.18233716,-0.016305044,-1.3126659,6.181763,-0.53055495,-6.445874
0.003996676046,0.04666137363399999,-0.004188191559,-1.3734679815999997,-0.050319562119999973,-9.600264608000002,0.26493072666666667,-0.07667008333333333,0.37765903444444443,0.16150118230464017,0.22337884,0.0056398814,-1.2258677,6.2332935,-0.5421656,-6.7035685
0.009445827904,0.03130048705400001,-0.00492027807538,-1.3885133920599995,-0.04733404557999999,-9.607380505999997,0.26163081222222223,-0.07570151888888889,0.37943467999999997,0.37539777301606136,0.23781271,0.018339152,-1.171875,6.276059,-0.5405546,-6.9336543
0.009805361149999999,0.013401742519999996,-0.004627142358559999,-1.3915862561899996,-0.09743811617999996,-9.779092819999999,0.2606408288888889,-0.07473295333333334,0.3801449355555556,0.02527853647868028,0.21878865,0.01918518,-1.1667967,6.3317447,-0.5490089,-7.1725907
-0.010788032089999995,0.019478333366800004,0.0010858553351999994,-1.388851823,-0.04204602140000002,-9.782528564,0.25932086111111113,-0.07408724222222221,0.38121031888888884,0.3961717605590849,0.20114768,0.020437388,-1.1524855,6.3914146,-0.5625044,-7.4066596
0.038144122208,0.005947876339200003,0.009173736005799998,-1.3425367178599998,-0.15510068130000002,-9.894773262,0.2583308777777778,-0.07376438666666667,0.38121032222222223,0.1989293325515007,0.17503765,0.017798772,-1.1550257,6.444769,-0.5832056,-7.628964
0.02810833529000001,-0.0003243056800000024,0.012547093433399993,-1.2945851695800001,-0.11188302579999998,-9.946784747999999,0.2589908633333333,-0.07182725799999999,0.3808551944444445,0.2959975357894038,0.15769535,0.004562227,-1.1971282,6.4970584,-0.5998976,-7.8766303
0.0016799439499999992,0.007815044048,0.0029828918982,-1.3097018601999995,-0.0334759977,-9.947853792,0.2576708888888889,-0.07182725799999999,0.38192057777777777,0.06411288334773246,0.1391929,0.023491455,-1.2356278,6.546313,-0.61344355,-8.121268
-0.0076013075376000026,0.012045364625999998,-0.0018096549013999993,-1.3566977642,-0.09776659472199999,-10.016611887999996,0.25614468,-0.0720693985,0.38276400624999996,0.3708526904766387,0.12469123,0.045219123,-1.2737532,6.6004715,-0.6315286,-8.358226
0.003295875726000001,0.021413998868,0.000433491008,-1.2089301443999998,-0.034230699680000025,-9.847976691999998,0.2560209333333333,-0.07150440400000001,0.3826308366666667,0.34878716102013385,0.09947143,0.06955452,-1.3147928,6.6525097,-0.64840144,-8.626407
0.0019114009456000004,0.008698920026,0.004590349628,-1.3303423864400004,-0.03725871189999997,-9.857037450000002,0.2547009688888889,-0.070535842,0.3851167377777778,0.2097018734439331,0.079158954,0.09665805,-1.339387,6.6888924,-0.64328533,-8.893594
-0.025004673543599996,-0.003386758676,0.005992986711999999,-1.312476357216,-0.06730586603799998,-9.856487573999999,0.2540409866666667,-0.07085869600000001,0.3833410888888889,0.07770123324552003,0.03927378,0.1237039,-1.3731487,6.7267,-0.6468331,-9.178587
-0.012427918530000002,-0.006737093812399999,-0.007997691273659999,-1.2715032027999997,-0.11422844600000001,-9.769300214,0.2556909422222223,-0.07279582155555556,0.38298596444444444,0.26504441146011715,0.013037214,0.14115438,-1.3653468,6.7452354,-0.64346856,-9.431936
-0.014186123698,-0.008469460598,-0.017112310904,-1.2655611405999998,-0.08683491628000001,-9.895287835999996,0.2553609511111112,-0.07279582,0.38440647222222224,0.447568914392491,-0.030760579,0.14810833,-1.3764133,6.7599196,-0.6339858,-9.68511
-0.014753945091600001,0.0071421867779999995,-0.0051046425769999985,-1.2337133441600001,-0.13791072374000002,-9.908183597999999,0.25470096888888893,-0.072472966,0.38582699666666664,0.0503204681061149,-0.04834357,0.13918373,-1.4224184,6.7666,-0.6297369,-9.961469
0.0013867068830000007,0.0047311182079999995,0.0085769366148,-1.1290879944000003,-0.10721772078000001,-9.881866738000001,0.2556909422222222,-0.07311867555555555,0.38369621666666665,0.3000914605109273,-0.056828212,0.14686199,-1.4357027,6.7730894,-0.6141616,-10.217354
0.002787459394000001,0.018222481935999995,0.0106479340088,-1.1213119089059997,-0.13573884043999995,-10.053484079999999,0.25371099555555554,-0.07311867555555555,0.3836962233333334,0.4085432199331436,-0.053326167,0.16088957,-1.4394438,6.7651534,-0.60240364,-10.49035
-0.001049527324,-0.026485553634000007,0.017964768583999997,-1.2920520303999998,-0.14026517505999997,-10.056452313999998,0.2540409866666667,-0.07376438666666667,0.3847616066666666,0.3638273385854873,-0.07287389,0.15798354,-1.5028386,6.7541814,-0.5879851,-10.787906
-0.02214808820124,-0.017353839694600005,0.016275741934599998,-1.1593691522,-0.08486036752000001,-9.714249928,0.2556909422222222,-0.07505580777777779,0.38405134777777766,0.2637959155407543,-0.07404028,0.15639876,-1.5554763,6.749388,-0.5756763,-11.09824
-0.018118709376,-0.007207436454999999,0.006648783557400001,-1.2003663613,-0.07580148680000003,-9.644936648,0.25635092444444446,-0.07699293777777778,0.38298596111111105,0.3597908858414556,-0.09856913,0.16359171,-1.5596658,6.728144,-0.55716693,-11.420765
-0.02959285005900001,-0.014448439620000001,-0.00157656222,-1.1808961648600003,-0.04432151264799998,-9.589099731999996,0.25635092444444446,-0.07860721,0.3826308333333333,0.20906276493281695,-0.09654724,0.16881749,-1.5350548,6.7042985,-0.53494185,-11.75307
-0.025227188007999998,-0.010503080064000001,-0.009551674068600002,-1.1924025505199998,-0.05401952879999998,-9.787111052000002,0.2586608688888889,-0.07957577533333333,0.38085519111111116,0.3588335645067886,-0.107457794,0.17878391,-1.5098747,6.6832066,-0.50684947,-12.03978
-0.017645516674000005,0.0003675453880000007,-0.0091319918228,-1.2076816989,-0.08020780104,-9.589837852000002,0.2589908633333333,-0.081512906,0.3815654533333333,0.13188336969731296,-0.08061237,0.16549763,-1.5051752,6.6663074,-0.48711422,-12.337183
0.0007860219520000011,-0.001945393988,-0.007310092988,-1.2228512023600004,-0.07887234056,-9.822973877999994,0.2586608722222222,-0.0811900508888889,0.3808551944444445,0.40999525719946917,-0.086820565,0.15610105,-1.4660921,6.6299486,-0.46282768,-12.60918
-0.012579521789000004,0.018500159824000002,-0.009883146281600001,-1.3817428545000003,-0.12057709921999998,-10.78228108,0.2572584,-0.080786482,0.3823644875,0.21626369769756337,-0.07833164,0.1469339,-1.4782507,6.5959435,-0.42932802,-12.915613
-0.0043556388852,0.020936704789999996,0.002025664438,-1.53631812594,-0.09540721846,-11.930511629999998,0.25602093333333337,-0.07989863044444447,0.3826308333333333,0.4986140701796984,-0.08507958,0.12806764,-1.680672,6.5406103,-0.3948524,-13.219983
-0.037192719898,-0.032683706054000006,0.0048046626026,-1.4442106048000003,-0.02106332826,-12.339268799999997,0.25635092444444446,-0.08086719577777778,0.3847616133333333,0.1713148473383299,-0.10324953,0.11416693,-2.117377,6.513983,-0.37649065,-13.60081
-0.004475252220600001,-0.06586269393899999,0.005654064873800001,-1.3177664379059997,-0.080747617774,-11.180646759999997,0.2586608722222222,-0.08345003533333334,0.38156545,0.34242759956108415,-0.10505004,0.09561296,-2.651017,6.459763,-0.34692037,-14.07405
-0.030878137128799995,-0.048426270496,-0.0015033466474,-1.1845178517999997,-0.03917601699999999,-10.036629196,0.26427074111111115,-0.08474145555555557,0.3776590311111111,0.580758482545292,-0.06036166,0.078003414,-2.9019604,6.4320908,-0.32443035,-14.604892
-0.02063747923599999,0.0005698141919999973,0.0006939626221,-1.1848953385999998,-0.03343002624000001,-9.759656772000001,0.26724066444444444,-0.08571002222222221,0.3765936477777778,0.4852286957122445,-0.01424067,0.07349632,-2.9664652,6.4110203,-0.29721382,-15.187164
0.001593146034799997,0.025768308914,0.0037116618397999984,-1.3229485116000002,-0.09095405620000001,-9.979321478,0.26512871800000004,-0.08674316,0.3796477569999999,0.663570026774984,0.046117358,0.07191752,-2.9381669,6.3958316,-0.26886982,-15.722677
0.009101379027999998,0.020388305724,0.0004786927960000005,-1.2990749343999999,-0.08482366480000003,-10.13503693,0.26295077666666666,-0.08635573333333334,0.37943467999999997,0.6519272353622938,0.09239783,0.035287656,-2.9617808,6.393421,-0.2647681,-16.284504
0.028518916451999998,0.0013602333220000004,-0.0011093897813800003,-1.2380438262000002,-0.07075914800000002,-9.592850908,0.26245578999999997,-0.08478181325,0.37796977000000004,0.46394507439581645,0.119112566,-0.0053526387,-3.0347166,6.391881,-0.251817,-16.88713
0.009687473837399999,0.018393073228000004,0.0001672430746000001,-1.2391581989999998,-0.08303611842000003,-9.672243021999998,0.26130081777777775,-0.08571002288888889,0.3776590311111111,0.7488798833155386,0.14244324,-0.02341877,-2.993663,6.395518,-0.23947914,-17.460014
0.009404586975599996,0.008928081447999999,-0.00043788828043999994,-1.3165404107999998,-0.07796233862999999,-9.849578148,0.2606408322222222,-0.0844186,0.38014493555555556,0.4808150700160425,0.1728851,-0.032652054,-2.9671743,6.4267106,-0.23324022,-18.038763
-0.011967511799999999,0.01461967885,0.0035260350415999993,-1.24873822629,0.01004110279999999,-9.544816591999997,0.26064083555555545,-0.08280432555555559,0.3812103188888889,0.7810813358851831,0.1728851,-0.032652054,-2.9671743,6.4267106,-0.23324022,-18.038763
-0.0016841253360000013,0.026655285088000004,-0.0038973512167999992,-1.1958303504,0.00038131479999999664,-9.696929368000003,0.2583308777777778,-0.08409574511111112,0.3812103188888888,0.41893791366409516,0.1707387,-0.04456355,-2.9613435,6.4407988,-0.22526841,-18.629297
0.000292269639999996,-0.0340490261406,-0.0013838386860000002,-1.3423387021600002,-0.027074135959999995,-9.744880670000002,0.25948585499999993,-0.08412803120000001,0.381885068,0.8063428480546548,0.16787651,-0.043474548,-2.935064,6.441087,-0.23103908,-19.21707
-0.006166403034000002,0.0006839147359999973,-0.0005684841368000001,-1.2945256234799996,-0.009275982199999989,-9.5824754,0.25985709874999996,-0.08332896475,0.3807664125,0.43676692836887554,0.16018784,-0.044580188,-2.9330642,6.4639993,-0.2282276,-19.821941
0.015768360988,0.004168861551999998,-0.000522896026,-1.3085213436400003,0.021405013260000022,-9.609345784000002,0.25998084666666665,-0.08345003533333334,0.3794346766666667,0.7130198845496523,0.1689936,-0.06846947,-2.8981926,6.498978,-0.24530919,-20.398296
0.02056699513799999,0.005740536622,0.000891419282,-1.2160136417200003,0.079702196,-9.50919312,0.25998084666666665,-0.08183576044444443,0.38156545,0.6121377944946289,0.1515678,-0.07800993,-2.8576195,6.5171294,-0.26073283,-20.960382
-0.014072069361999999,0.034219280991,0.004279395029999999,-1.2573666192,0.17417172624000002,-9.568321722,0.2576708888888889,-0.08151290577777777,0.38263083666666664,0.48367050715854987,0.14540985,-0.08712333,-2.8371212,6.538866,-0.28224364,-21.557863
0.0004820429959999992,-0.04799068373599999,0.0011871333419999999,-1.3630391192042,0.08330954803999999,-9.843890879999998,0.2573409044444444,-0.08248147066666667,0.38192057777777777,0.5208846081744198,0.1467676,-0.069679424,-2.7786252,6.5617676,-0.30764073,-22.128538
0.008960050566,-0.030459070713999992,8.01897999999978e-06,-1.4471116941660005,-0.058985740199999984,-10.068897243999997,0.2603108411111111,-0.08183576066666667,0.3794346766666667,0.5337772788582242,0.105821304,-0.048950423,-2.7625709,6.57382,-0.3233506,-22.677128
0.025392647963999992,0.00027733803600000064,0.0014951384442000002,-1.26251148842,-0.03718153427999999,-9.797120626000002,0.26328076777777776,-0.07989863044444445,0.37623851666666663,0.6459163833450532,0.069643855,-0.04412701,-2.8018298,6.5914936,-0.33823067,-23.251848
-0.0019025175570000013,0.021071647308399992,0.0002735342739999999,-1.3496169688000001,0.050364339639999985,-9.505685092,0.25998084666666665,-0.07860721133333333,0.38050006666666675,0.5691728696718314,0.08867894,-0.058861922,-2.8282015,6.6047072,-0.36171034,-23.835035
0.015815855351399996,0.007060273675999994,-0.0014972619699999998,-1.1777454971999999,-0.05318620436000001,-9.833730108,0.25965084888888884,-0.07796150111111112,0.38014493222222223,0.4267791496528375,0.098275445,-0.036695495,-2.803404,6.608921,-0.38354754,-24.39653
0.010947737687999996,0.002929687749999998,-0.0005479376051999999,-1.22448103742,-0.06458048500000002,-9.795550072,0.2596508522222222,-0.07796150111111111,0.3801449388888889,0.7165916149432832,0.06995205,-0.029423798,-2.7843323,6.6124334,-0.40923533,-24.966583
-0.0145480824596,-0.008036156777999999,-0.0016419955536,-1.3176615762,0.002068780612000002,-9.977098903999998,0.26031083777777775,-0.07796150111111111,0.37978980444444443,0.6610730978158799,0.09597341,-0.026320819,-2.814423,6.6281776,-0.42369807,-25.521444
-0.00023583359959999898,0.010373459612,-0.0033299925412,-1.2862539127400001,-0.026798861500000003,-9.611485908000002,0.2593208611111111,-0.07731579222222222,0.38050006333333336,0.4717268681788198,0.07208765,0.0009265153,-2.839192,6.6469054,-0.43782866,-26.11492
-0.00011795230600000178,0.021462126080100005,-0.0030022440737919997,-1.1997320012599997,0.06462600176000001,-9.440931591999998,0.25833087444444447,-0.07667008333333333,0.3797898111111111,0.5685343270773373,0.09728951,0.015140319,-2.8558285,6.678172,-0.4578645,-26.7124
0.002729135387199999,0.039575747252000006,-0.0043117497686000015,-1.2730833940000006,-0.010290075479999992,-9.810551077999998,0.25668091888888894,-0.07602437333333334,0.38369622333333336,0.508399124983903,0.09135251,0.032847576,-2.8078063,6.699237,-0.47353697,-27.281593
0.0005977332933999989,-0.026673822994000004,-0.0039545656304,-1.32780553384,0.05162139640000001,-9.932199939999999,0.25635092444444446,-0.07537866333333333,0.3833410888888889,0.6639769417899046,0.082118675,0.055350583,-2.7873614,6.720026,-0.49018,-27.862078
0.0508397835976,0.015328263035999998,-0.006222406294000002,-1.330895366,-0.15062836775999996,-10.046270331999999,0.2556909422222223,-0.07408724222222222,0.38298596444444444,0.551490238734651,0.069570094,0.05289465,-2.823256,6.7965417,-0.5147288,-28.445063
0.021841636459199995,0.009266266983999998,0.0038350802344,-1.2261504860800003,-0.10264706562000005,-9.598626229999999,0.25602093333333337,-0.070858696,0.38298596111111116,0.676985604422434,0.058528803,0.057823576,-2.8498583,6.8209553,-0.5280562,-29.0196
-0.010344632553000001,0.03760138019599999,0.0036870856891999997,-1.1788169355999998,-0.05861754725999999,-9.47393464,0.25437097777777773,-0.070535842,0.38334109555555557,0.5166750687819253,0.04933962,0.04663731,-2.9023166,6.8391047,-0.5380904,-29.60825
-0.035530489453999996,-0.0026366155145999986,-0.0002246492819999999,-1.16223298274,0.08170824759999999,-9.554213343999999,0.25272102333333335,-0.07118155000000001,0.38369622,0.6459453289325445,0.03077638,0.08640867,-2.8280258,6.862749,-0.54176646,-30.200703
-0.04396689630840001,0.008600108068,-0.0023573861599999997,-1.2757558816800003,0.11356426219999997,-9.580143975999999,0.25206103999999996,-0.07376438822222221,0.3851167377777778,0.6166187118697941,-0.013331489,0.11667169,-2.7942965,6.870419,-0.534046,-30.79525
-0.017356236423200003,-0.046705899014000005,-0.00520155565,-1.3494508507999998,-0.10039078122000002,-9.96554877,0.2537109955555556,-0.0763472288888889,0.38192057777777777,0.3854303674383459,-0.050968084,0.15416834,-2.745142,6.876296,-0.5326144,-31.358109
0.0039820200752000035,-0.013128845540000003,-0.007157134056200002,-1.2012567049999996,-0.17475557446,-10.028474444000004,0.25503096000000003,-0.07602437333333334,0.3836962166666667,0.5144680253752014,-0.095508434,0.16215824,-2.7713392,6.870945,-0.522031,-31.921776
-0.011786430928000002,-0.02025756571,-0.0041984397666000005,-1.2070668206000001,-0.041389775960000014,-9.538854864,0.2570109066666667,-0.0763472288888889,0.3829859677777777,0.7241697521000106,-0.093343236,0.14117837,-2.8179286,6.853729,-0.50561255,-32.49896
-0.006246760206,-0.003209044121999999,0.0035888958867999997,-1.3498975565999998,-0.08014492259999997,-9.96322658,0.2589908633333333,-0.07602437444444445,0.38227570555555557,0.37956494551438524,-0.10040949,0.13827579,-2.8246076,6.8479095,-0.48918504,-33.07315
-0.006022948888,-0.0315822361,0.009231478398800001,-1.2337986644400005,-0.121037596464,-9.746511008,0.2589908633333333,-0.07667008333333333,0.38156545,0.5663856359628525,-0.11404544,0.13875097,-2.8190007,6.8073845,-0.45841786,-33.67235
-0.03292518635799999,-0.005548290632000002,-0.0032490726432,-1.2673233355599998,-0.038942683079999985,-9.649795011999997,0.259485855,-0.0778807875,0.38196496875,0.593099007239708,-0.12912121,0.12123352,-2.8752072,6.7764344,-0.44735307,-34.23453
-0.013501023278000004,-0.003494900974000001,-0.012065126952520003,-1.2670600984000002,0.023098722759999996,-9.596290818,0.2606408322222222,-0.07893006511111113,0.37943467333333325,0.6486167383717962,-0.11536854,0.1332601,-2.8408809,6.747987,-0.44043255,-34.829678
-0.0037127458134,-0.005888173201999999,0.0009471798723999997,-1.235960197,-0.10277336216,-9.995507114,0.261300821111111,-0.07925292022222223,0.38121032222222223,0.5587199808477052,-0.08839536,0.11843945,-2.797623,6.7353363,-0.43325165,-35.39661
-0.0037398674159999997,0.009701213498000004,0.015084573894,-1.2742659427399998,-0.025340380859999997,-9.651384822,0.2603108411111111,-0.07893006577777777,0.3797898111111111,0.6329662406837571,-0.09518059,0.11223081,-2.8408613,6.706486,-0.42304504,-35.967266
0.006742753388940002,-0.006931199588000004,0.005634104270400002,-1.2706891138099998,0.03155203285799999,-9.943266247999999,0.2599808433333333,-0.07989863044444445,0.38085519111111105,0.4284332191551101,-0.054719143,0.100790024,-2.833112,6.695,-0.41886964,-36.537483
-0.0080027281386,-0.051099845289399995,0.0010573502359999998,-1.4501035459539997,-0.0681539444,-9.935157805999998,0.26245579,-0.08064119720000001,0.3802869870000001,0.6164152229225266,-0.046309505,0.09078943,-2.879212,6.680657,-0.4213036,-37.1324
0.024860123971999996,0.0044743708760000035,-0.0023922976143999995,-1.2794663546,-0.115758281,-9.906502649999998,0.26361075888888885,-0.07957577533333333,0.37836928666666664,0.5994295392717603,-0.061718732,0.06383219,-2.9076335,6.6536274,-0.44100988,-37.715923
0.025612401044000005,-0.016571633373999996,0.0016036346598000007,-1.3223151570000002,0.06150811590000001,-9.411852540000002,0.26394075,-0.07763864666666669,0.37943467999999997,0.4317429406302331,-0.03373276,0.068858415,-2.9157243,6.644535,-0.42770898,-38.287327
-0.015828360499199993,0.043649848586000004,0.0009812679442800006,-1.2534794578000004,-0.018939399800000006,-9.862006744,0.26356951,-0.077154365,0.37517313125,0.7735903813288765,0.005365099,0.05594809,-2.9105086,6.6464405,-0.4334078,-38.88971
-0.032938806704000005,0.033033152674000005,-0.0026154851732000006,-1.2595449895599997,0.06065365978000001,-9.836997270000001,0.2609708233333333,-0.07893006511111113,0.38227570555555557,0.4381890768533232,0.008266205,0.081978686,-2.8853395,6.626924,-0.4470952,-39.455673
-0.012407853817400004,-0.04647423598359999,-0.0022462814846000005,-1.3933345929999998,0.05311551387999999,-9.833131102,0.2606408322222222,-0.07957577533333333,0.37907954555555556,0.5967867086221865,0.016672587,0.10095661,-2.9077697,6.6145515,-0.4463757,-40.03772
-0.0187381674406,0.015020655180000004,-0.0012376330364,-1.1958462931199998,0.08846899810000002,-9.599252543999999,0.26295077666666666,-0.07989863044444445,0.37872442111111115,0.5956542780111143,-0.012244069,0.095124036,-2.944423,6.616275,-0.45010886,-40.607517
-0.0034883527240000003,-0.012347109122000002,-0.001755842207849999,-1.4901098160000001,0.12566280803999996,-9.814433377999999,0.2622907944444445,-0.07989863044444445,0.37943467999999997,0.6503011158534449,0.0013585151,0.11075366,-2.8886456,6.599565,-0.45070988,-41.1867
-0.019311221016,-0.034506844878000015,0.0015842695612000002,-1.373149508,0.14637335676000002,-9.798721699999998,0.26394075,-0.0811900508888889,0.37659364444444443,0.5259087426321862,-0.012404616,0.09893799,-2.9106429,6.580767,-0.45331267,-41.792713
0.012056967185999998,0.008149750567999998,0.0040861626852,-1.2919533735800002,0.040791699239999986,-10.006648070000002,0.26493072333333334,-0.08215861577777778,0.3773039033333333,0.5110999830476501,-0.006990083,0.115823105,-2.9088783,6.5659847,-0.44874406,-42.351444
-0.011534966422000005,-0.042642032023999986,0.005242324056600002,-1.2360252682000001,-0.008438082780000033,-9.354938778000001,0.26559070555555553,-0.08183576088888891,0.3773039033333333,0.6639773190676515,0.024415,0.10683643,-2.9654472,6.564648,-0.44377613,-42.923065
0.006512233022000002,0.010108572649999996,0.0055601788192,-1.2096512968,0.07631567550000003,-8.892453656,0.2675706588888889,-0.081512906,0.3744628711111111,0.7730382143796142,0.06062902,0.10416055,-2.9126754,6.5798116,-0.44540298,-43.533165
0.024520887601999997,0.039182646012,0.00275972635,-1.1573266694600002,-0.018049348859999956,-8.835015064000002,0.26526071444444443,-0.0811900508888889,0.3748179955555555,0.402793852837533,0.090051316,0.1006442,-2.7745018,6.5918345,-0.44200474,-44.120895
0.013832922731999996,0.028544507215999996,0.003340161514600001,-1.2558436998040001,0.006777594799999993,-8.857565894000002,0.2636107588888889,-0.07957577533333333,0.37943467999999997,0.6875688121432333,0.13025005,0.10315957,-2.5963135,6.609957,-0.44115236,-44.65973
0.014838398369999997,0.028393133516000004,0.0024760661416000002,-1.1536577510000001,0.05356878569999998,-8.974111071999998,0.2613008177777777,-0.07860721,0.3797898077777778,0.4992098694755924,0.13906595,0.11157981,-2.4119842,6.6478906,-0.42921752,-45.181538
-0.007326241922800002,0.036546011989799995,0.00100153561,-1.22600906852,0.02243623006000001,-8.911107482000004,0.25734089777777774,-0.07860721,0.3819205744444444,0.47486298424857054,0.15270144,0.110296,-2.2537286,6.681605,-0.42225212,-45.671986
-0.005436946866999997,0.012496669003999997,-0.0008100043672000001,-1.2236500918000002,0.010140162060000003,-8.833776184,0.25635092444444446,-0.07860721,0.3808551911111111,0.45825358799525695,0.14932011,0.12350958,-2.0970771,6.712267,-0.39769307,-46.14083
-0.012223396462000005,0.010417208113999998,-0.0014832843119999995,-1.28826018999,0.028662338079999964,-8.986901195999998,0.25635092444444446,-0.07860721,0.3840513544444445,0.349715431967935,0.11559274,0.12152839,-1.9289862,6.7319875,-0.37986758,-46.558117
-0.023746225052,-0.0040191222600000015,0.003799763650999999,-1.2034418044800002,0.01446935321099998,-9.031698800000001,0.25602093333333337,-0.07957577533333333,0.3822757088888888,0.42073844029353147,0.083541766,0.12194096,-1.7663203,6.735285,-0.35374275,-46.950134
-0.019874363136000005,-0.011802239443999997,0.001983874051,-1.2541299104,0.044339660249999996,-9.131789538000001,0.2556909422222222,-0.0811900508888889,0.3826308366666667,0.3910633233877334,0.056144107,0.116372935,-1.6157691,6.7363343,-0.32963634,-47.33095
-0.0177159297708,-0.008952700518000003,-0.0008764825253999997,-1.1989142262799999,-0.03967768904,-9.215873899999998,0.2566809155555556,-0.08312718044444446,0.3829859644444445,0.25569526965801437,0.029964954,0.10006018,-1.5003026,6.7306814,-0.30957413,-47.668922
-0.013070840926000001,-0.02589772895579999,-0.002424185239,-1.19077353096,0.051953280520000006,-9.144937084000002,0.2580008833333333,-0.08248147066666667,0.3812103222222222,0.38749165587372936,0.013823794,0.090987526,-1.3952227,6.7221255,-0.28568512,-47.99008
0.0051016226800000035,0.0005378857712000019,-0.0022464446918,-1.1769629559399999,-0.03203661260000001,-9.215439104000001,0.25833087444444447,-0.08312718044444443,0.38369622666666664,0.25804718772133484,0.013875794,0.07132596,-1.2890188,6.706973,-0.25982103,-48.284206
-0.024132397442000002,-0.0007854242120000007,0.002039361677540001,-1.1656100799999998,0.009885564799999993,-9.180481695999998,0.2586608722222222,-0.08377289022222223,0.3808551877777777,0.09866603914198002,0.018708358,0.053393252,-1.1989913,6.69856,-0.23662378,-48.580826
-0.0021327523012000015,0.002681489398000001,3.821978720000011e-05,-1.2230523463,0.031343188,-9.397117665999996,0.2586608755555555,-0.08474145555555557,0.38192057777777777,0.40389755793980164,0.022894412,0.04544299,-1.0925894,6.702007,-0.23055047,-48.822987
-0.0032785588903999968,6.461612569999858e-05,0.0011114971059000003,-1.2260528190000002,0.065287241134,-9.315228483999999,0.2586608722222222,-0.08409574511111112,0.3826308366666667,0.1120806002354886,0.025405236,0.013957131,-1.011596,6.696795,-0.22790596,-49.05469
0.006951836746000002,0.008442783534,0.0021841464612,-1.1832525550000002,0.056305981761999996,-9.47607757,0.25932085777777775,-0.08474145555555557,0.3815654533333333,0.1593523759108333,0.039694816,0.0062773805,-0.93169266,6.6974006,-0.22414562,-49.271935
0.006945867929999999,0.006055829987000001,0.0033489287853999987,-1.2258990121200002,0.04290981168,-9.442687248,0.25762964,-0.08405538825,0.38276401,0.17360895282619637,0.04057789,0.0036151195,-0.8696777,6.683267,-0.21935926,-49.47399
-0.0008334516525999989,-0.01022932172,-0.0043665949628,-1.2001326613000003,0.05886966140000002,-9.512070289999999,0.2586608688888889,-0.08312718044444446,0.38156545000000003,0.1355761119297565,0.035761524,-0.009838674,-0.8243392,6.6744504,-0.21647428,-49.651688
-0.004405418409803921,-0.00213417762745098,-0.005816502174509805,-1.2184764103137256,0.04575169370588234,-9.60768235490196,0.2573408977777778,-0.08345003533333334,0.3812103222222222,0.20372292200724296,0.034208674,-0.016160794,-0.7763234,6.664888,-0.21315517,-49.81849
-0.022718071789583325,-0.010340198419791667,-0.0054562493879166665,-1.2440463657083327,0.07359690033333328,-9.658324520833334,0.2589908666666666,-0.08312718044444446,0.3812103222222222,0.08208802541096993,0.028572408,-0.013260907,-0.74551284,6.6344485,-0.1953151,-49.984356
-0.01637485377199999,-0.022131993359999994,-0.0059283679814000016,-1.2430326008800001,0.05964011083000001,-9.606812878,0.25965085222222223,-0.08474145555555557,0.3808551911111111,0.14331456593104797,0.033784643,-0.021405822,-0.71485186,6.619376,-0.19305936,-50.128426
-0.018970461992,-0.0015725518400000003,0.0036010060779999996,-1.1447127432399997,0.06154448664,-9.577972151999997,0.261300821111111,-0.08538716666666668,0.37872442777777776,0.12471156591897525,0.04413105,-0.02605322,-0.6751029,6.6010523,-0.18405469,-50.273136
-0.007997387043999998,0.009795070121999996,0.002471161618,-1.2224347748800002,0.08463943118800003,-9.685374408,0.2606408322222222,-0.08571002222222222,0.3805000633333333,0.22558452270843077,0.05089798,-0.027803065,-0.6648076,6.584944,-0.17341745,-50.401207
-0.0042101807966,-0.0105646908,0.006508821294800001,-1.246603695,0.0847877273,-9.652600432000002,0.2599808433333333,-0.0860328777777778,0.38014494222222217,0.1597877125163656,0.07722837,-0.033683583,-0.63858575,6.5829406,-0.17350051,-50.547768
0.008661931413999999,0.010187689653999998,0.0069233787280000006,-1.187064032924,0.08359058655199997,-9.573260264,0.2609708233333333,-0.0866785888888889,0.37872442111111115,0.07839857876955847,0.09416427,-0.04903085,-0.62778723,6.5932736,-0.1727185,-50.686165
0.0070582690819999995,0.005595912949000002,0.0022571264413599997,-1.26437029636,0.0877270868,-9.642910601999999,0.2606408288888889,-0.0860328777777778,0.3808551911111111,0.09396184145749231,0.116928644,-0.05002046,-0.5842592,6.592265,-0.16996665,-50.817303
-0.0026576913367999996,0.012449880120999998,0.0016580671203999995,-1.2121781187200005,0.15237753691999997,-9.445905561999997,0.25948585125,-0.0862346625,0.38156545,-0.0711391155536365,0.117631786,-0.05760347,-0.56123734,6.5932508,-0.17083211,-50.93719
-0.0012365393871999993,0.016415011732,0.0017531488480800007,-1.1749774218000002,0.133081476,-9.537824478,0.25770389400000004,-0.08616202,0.38156545,0.273116923950532,0.11460421,-0.055845916,-0.5017087,6.592855,-0.17128226,-51.021652
-0.017774113765399994,-0.011906958994,0.0017307377226,-1.3106983085134,0.12337528958,-9.782919302,0.25734089777777774,-0.0866785888888889,0.3829859644444444,0.19100189208984375,0.10761362,-0.05884961,-0.4664829,6.5960417,-0.17566234,-51.127136
-0.0068050661420000005,-0.007052164266000002,-0.0009895695298,-1.2470938627800003,0.18631457019999992,-9.569451392000005,0.2576708922222223,-0.0873243,0.38192057777777777,-0.06086034565181642,0.10588631,-0.058174532,-0.46342346,6.596162,-0.1776527,-51.24141
-0.007388312622799998,-0.021540947196,-0.005423701344600001,-1.1557760513600004,0.14923742528000003,-9.583652926000003,0.2603108411111111,-0.08700144333333333,0.38050006,0.07822409828940735,0.09277885,-0.048244473,-0.4279813,6.586826,-0.16820823,-51.324745
-0.021755569604399994,-0.0022097982600000005,-0.004909731458,-1.2919174492799999,0.11212536999999997,-9.599737514000003,0.26097082999999993,-0.08764715444444444,0.3812103188888888,0.07543689602023917,0.0846903,-0.05551924,-0.40591675,6.582639,-0.17118435,-51.40038
0.005725791402000001,-0.016456234984,-0.005078384627400001,-1.31909589666,0.14342948158,-9.754254386,0.26097082333333327,-0.08764715444444444,0.3797898077777778,0.12009481283334544,0.08758653,-0.060935874,-0.37432736,6.5823727,-0.17588778,-51.46659
0.004252086260000001,-0.008315127559999998,-0.0024191507340000002,-1.28886589484,0.18011285230000001,-9.62146957,0.26319827,-0.08805072250000001,0.37876881124999995,0.11690081082857517,0.08803096,-0.08286618,-0.3694976,6.579281,-0.18881202,-51.532562
0.0037990123119999997,0.006573979627999996,0.0015921359176799999,-1.2442239441999998,0.12290833376000002,-9.776352939999999,0.2626207855555556,-0.08700144444444444,0.3762385166666667,-0.025610263531024913,0.09969995,-0.0765386,-0.3460938,6.5793962,-0.19262773,-51.616673
0.0009461807900000002,0.0027369029739999985,0.000274923804,-1.196719791,0.11296383760600003,-9.607178112,0.2619608033333333,-0.08700144444444444,0.3790795488888889,0.19521229083721536,0.10028328,-0.06979002,-0.34265232,6.571744,-0.19803065,-51.68671
-0.003400321646000001,0.00040038983999999834,-9.568584399999983e-05,-1.316056715694,0.12845555250000004,-9.683228457999999,0.2609708233333333,-0.0866785888888889,0.37765903444444443,0.016986260047325175,0.112421654,-0.069348425,-0.3202228,6.5736775,-0.20734024,-51.76337
0.017941941155999997,-0.01734131176,-0.00224409855388,-1.3060457729199997,0.15534326,-9.611818368,0.26262078222222224,-0.08571002222222222,0.37765903444444443,0.03699265993558498,0.119805634,-0.08759775,-0.31544396,6.5826116,-0.2232296,-51.82709
-0.010251409874000004,0.026474754220000007,-0.3042060389854,-1.2662469655800002,0.0650176552,-9.871168712000003,0.26328076777777776,-0.08215861688888888,0.3780141588888888,0.05894404191237257,0.11085087,-0.08605416,-0.2786839,6.5913715,-0.24322586,-51.878662
-0.027944892207199996,-0.22159807705999993,-0.6480947979999999,-1.2184008188000002,-0.002617495139999993,-9.41732749,0.27054059222222226,-0.05342452555555555,0.3730423644444445,0.029384864555609624,0.12648979,-0.0844677,-0.30765742,6.591901,-0.25295737,-51.943417
-0.13066900221599995,-0.40160453820000014,-0.5104800478000001,-1.37367607848,-0.084881568574,-9.856021369999999,0.2939700577777778,-0.020493319555555552,0.3442769311111111,0.1499201570238391,0.12648979,-0.0844677,-0.30765742,6.591901,-0.25295737,-51.943417
-0.09126680511999999,-0.5404325901999999,-0.30536420759999994,-1.3171185030399999,-0.04922384710000001,-9.771777592000003,0.32300936999999996,-0.00015345700222222237,0.31480124666666676,-0.02605058596684451,0.16565582,-0.07040153,-0.25260058,6.603377,-0.26884213,-51.992317
-0.018072995047999998,-0.5397280076,-0.15680884407999998,-1.5118400456,-0.0951166298,-10.135166236,0.3553486077777778,0.014697870944444446,0.27715762222222223,0.0014517490680407974,0.34616736,-0.054579027,-0.23217873,6.6298075,-0.2756489,-52.049374
0.02864287633200001,-0.39246156180000014,-0.06992665843999998,-1.7262156114000007,-0.15532753999999996,-10.350690035999998,0.37646811333333324,0.02373780977777778,0.24235500777777777,-0.0064169338771282725,0.7144734,-0.054083392,-0.223114,6.7321134,-0.28792948,-52.102768
-0.0153640445,-0.082057207608,-0.025256847491,-1.9968895004800005,-0.06273499320000002,-10.157654802,0.3876878355555555,0.029226344999999994,0.2267293488888889,0.011062978388189038,1.3127925,-0.058672637,-0.23487839,6.9298224,-0.30220607,-52.131557
-0.016844858736999997,0.12915503772000003,-0.0013126594349999988,-2.1055302655920003,-0.11860369486000001,-10.115731296,0.38438791999999994,0.02954919977777777,0.22814986666666665,0.06463513007530786,2.064367,-0.05738303,-0.23265742,7.265618,-0.31052494,-52.17319
-0.038108585168,0.19818874211999998,0.009824499262199997,-2.2998607964,-0.07655844758,-9.888188245999999,0.37791182625,0.027450641499999994,0.24453016125000002,0.3104580418094187,2.824307,-0.030260548,-0.18528345,7.752697,-0.31884024,-52.202675
-0.009619643113600003,0.23994043819999994,0.0053140485908799995,-2.324595272800001,-0.17636045783999993,-9.792656445999997,0.366403349,0.0254166544,0.255317193,0.23182721714396948,3.513128,-0.01063796,-0.1790112,8.398816,-0.32343784,-52.24265
0.024262059638000003,0.3062896545000001,0.021617649189999998,-2.3244722272000002,-0.14136535347999998,-9.570491539999999,0.3545236275,0.025634581375,0.275692715,0.11318415337866483,4.105653,-0.017919518,-0.16756135,9.167174,-0.33483514,-52.298183
0.0071442650879999965,0.3630062836,0.015290986141060003,-2.6117078070599997,-0.1096711088,-9.528418359999998,0.3375290355555556,0.023737809555555555,0.29882047111111115,0.22774284226553831,4.556133,-0.037265036,-0.16072895,10.038813,-0.3473833,-52.36252
-0.015484555561999997,0.4752496458000001,0.012614790947999999,-2.51355615125,-0.06762569042000002,-9.251665264000003,0.3098096933333334,0.022769245,0.32758588,0.3358263628823419,4.8912525,-0.022985633,-0.15014352,11.033495,-0.35923752,-52.44731
-0.031315549478,0.36840763360000006,-0.0008487230573999996,-2.5244720091999993,0.061148950199999975,-9.320289794,0.28011036777777776,0.01986355066666667,0.34924872111111116,0.3862722994207015,5.019639,-0.019663855,-0.15213482,12.032775,-0.37222892,-52.535854
-0.053288178400000004,0.21382808016000004,-0.024000038150000007,-2.443845604,-0.016516811059999997,-9.419202291999998,0.2603108377777778,0.01728071022222222,0.37055645555555555,-0.15417595887795343,4.9920487,0.011875317,-0.14959157,13.040948,-0.3811915,-52.674004
0.014811920308000007,0.169641960284,-0.013218501218000002,-2.29057384476,-0.11121953459999996,-8.893854830000002,0.24810113888888888,0.018894985555555556,0.37836929,0.08384963671366386,4.8041635,0.038273383,-0.15033744,14.062888,-0.38356012,-52.823414
-0.05075502801399999,0.11410917634199999,-0.010049114909799999,-2.0826720960000005,0.03860103606000001,-8.807482789999998,0.23523144666666665,0.01663500022222222,0.3836962233333333,-0.21478289649600057,4.5352416,0.030401519,-0.08890016,15.012392,-0.38663548,-52.92304
0.003960510392000006,0.034051499067999993,-0.020588947333999998,-2.0826050969999996,0.032939245599999986,-9.238348484000001,0.22731163444444444,0.01663500022222222,0.3897333922222222,-0.060831334564712236,4.2605834,0.070935294,0.069896765,15.895659,-0.38497555,-52.992176
-0.026666539556799998,-0.006951427734999992,-0.015035334461999998,-2.07616316,0.1227222334,-9.697150868000003,0.22467169999999997,0.016312145333333333,0.3904436511111111,-0.05165608374627162,3.9008036,0.04723717,0.19332533,16.729074,-0.3814302,-52.996704
-0.03933095184999998,-0.026371880369200004,-0.011689681386000003,-1.9688778789000012,0.03270857280000004,-9.658334671999997,0.23015781625,0.0169174985,0.38755824625,-0.1853397599943385,3.5750403,0.04240986,0.25816515,17.486078,-0.38012463,-52.998955
0.02340354316200001,-0.044704861796,-0.032006198384,-1.9652357316000006,0.08668969939999997,-9.833355522,0.22962157888888893,0.013729306,0.3883128811111112,-0.24309341724102396,3.2284217,0.050783616,0.25199342,18.160212,-0.3737311,-52.96797
-0.01894395808,-0.06703117300000003,-0.011851945393000003,-1.8231172801999995,0.024699749200000037,-9.621566144000003,0.2349014544444445,0.01695785533333333,0.38440647555555557,-0.02944309632856701,2.9038818,0.042353917,0.23199272,18.806728,-0.3727173,-52.917336
-0.028807715080000004,-0.08282518667400002,-0.0070478316148,-1.7964362317999996,0.17146148876000006,-9.869650186000001,0.2411713066666667,0.015666435555555556,0.38156545000000003,-0.09210372233128794,2.6364894,0.03122214,0.27954087,19.345358,-0.36184242,-52.862698
-0.0345168358434,-0.08810164646,-2.4318015199999798e-05,-1.7734248353599995,0.15179865826,-9.971330398,0.24810114222222224,0.01437501588888889,0.37907954555555556,-0.16948600915762135,2.4014924,0.048732534,0.2750371,19.837334,-0.3417806,-52.790073
0.019613812048,-0.0585091349228,-0.005286838102000001,-1.7991619627999997,0.04814480811999999,-9.902741081999997,0.2537109966666667,0.013729306,0.3758833888888889,-0.20748504002889057,2.1946898,0.033028666,0.22976714,20.29247,-0.3526351,-52.72247
0.034612894459199996,-0.003310806081999999,0.0010782392767999997,-1.7326594901999999,0.012627756320000008,-9.99484601,0.25602093333333337,0.016312145333333333,0.3737526088888889,-0.30927714847383037,2.0389364,0.00493748,0.19153944,20.721556,-0.35958245,-52.65271
0.019067349039999997,-0.03270140037640001,0.010909219298000004,-1.77720303356,0.0025704265000000425,-10.045951976000001,0.2556909422222223,0.01792642022222222,0.3737526122222223,0.1297349248613635,1.9191189,-0.024076601,0.15902282,21.11389,-0.36370164,-52.555607
0.022072936802000002,-0.009451718610999995,-0.0016254504133999994,-1.7275408252,0.04756970999999998,-10.039696552000002,0.2586608722222222,0.020186405555555557,0.3698461966666667,-0.3788678305489679,1.7976075,-0.04437544,0.11629294,21.466585,-0.3654921,-52.492275
-0.0006902378920000001,-0.015430799725999998,-0.0018596842319999992,-1.7166042958000005,0.0043113517999999965,-10.19209711,0.25866087222222217,0.02050926088888889,0.3694910688888889,0.07317185663914927,1.6782175,-0.049797628,0.054359954,21.831413,-0.37664577,-52.418087
-0.0004901340679999999,0.008300266379000004,-0.006803131855599998,-1.6382499916000004,0.07204279898000002,-10.216015134000003,0.2586608688888889,0.020186406,0.3673602966666667,-0.06147006841806224,1.5991749,-0.0527749,0.0009865238,22.154722,-0.39098796,-52.335438
0.012982115392000004,-0.005043075844000001,-0.01726261456166,-1.8042425478000004,-0.00989839560000002,-10.149544074,0.2583308777777778,0.021477825555555555,0.3673602933333333,0.009030305422269791,1.5141742,-0.05456527,-0.069117,22.470854,-0.40258396,-52.290676
-0.020591132672199995,-0.013386721342,-0.0047047985706,-1.6324865987599997,0.01167520968000003,-9.877107622,0.25965085222222223,0.021477825555555555,0.36842567888888894,-0.19361526363498527,1.4370176,-0.05643729,-0.16972706,22.776325,-0.41122234,-52.266262
0.014550186146,0.01605528238600001,0.006429519124799999,-1.7784436237200003,-0.013055223840000001,-10.12647242,0.25932086111111113,0.023414954777777778,0.36878080333333335,0.2054039252983344,1.3300365,-0.045804475,-0.21064837,23.058016,-0.41826704,-52.232143
-0.008115722240800004,-0.0172587829654,0.011058352652400003,-1.616432916,0.06175778516000001,-9.844240235999997,0.2586608722222222,0.021477825555555555,0.3680705511111111,0.009378857665009122,1.2703495,-0.045326997,-0.23502448,23.314293,-0.42265803,-52.224518
-0.03949719692920001,-0.013390116236000012,0.008885658455999998,-1.64908695178,0.04170580388000001,-9.65118816,0.2596508522222222,0.019863550444444444,0.3684256833333334,-0.26385437787234167,1.193176,-0.03540627,-0.28906506,23.560846,-0.4232138,-52.234493
-0.005353739523999996,0.029202109049200002,-0.0021119757386,-1.6087767448600006,-0.04266449852000001,-9.874946814,0.2602283425,0.018007134,0.36718273125,-0.05203335101787765,1.1167774,-0.026907815,-0.2821057,23.79232,-0.4209944,-52.239334
0.02544151060000001,0.02799500254,-0.003901206302999999,-1.5834995302,-0.027589950900000007,-9.992817952000001,0.2573409011111112,0.01921784066666667,0.36842568000000003,0.1082769855038137,1.0593413,-0.04230456,-0.25741354,24.027239,-0.42422235,-52.202316
0.008310979713999998,-0.024674069959999993,0.00021990572145999982,-1.7087647644000001,-0.043884823819999995,-9.994854303999997,0.25734089777777774,0.020186405777777777,0.3705564522222223,0.2823797791868774,0.98912674,-0.04871887,-0.26955506,24.229883,-0.42677888,-52.20005
0.024531615582000007,-0.05363642192999998,0.0012734202168000002,-1.7587773577999999,-0.005667473600000007,-9.851022620000002,0.2603108377777778,0.02244639022222222,0.36842568333333336,-0.10458947800017881,0.8995868,-0.068357274,-0.31558937,24.416288,-0.44014478,-52.20887
-0.0025448428363999977,-0.022284571504,-0.0014846135212,-1.5561535255999999,-0.02368752199799999,-9.763061996,0.26361075888888885,0.02276924511111111,0.36345387777777777,0.06637743541172547,0.8243743,-0.076492034,-0.35941482,24.601591,-0.4554636,-52.25902
0.0044914196279999975,0.010358043716000003,-0.003026634141800001,-1.59419185108,-0.0611472036,-9.644518762,0.2632807677777778,0.023092099888888887,0.36522951555555555,0.25447566168648805,0.77814525,-0.07687727,-0.33987513,24.77563,-0.4921735,-52.275536
0.022581524831999995,0.03447363865059999,0.03505912553999999,-1.5402740068000005,-0.016063650760000003,-9.655934032,0.2619608033333333,0.0230921,0.3652295244444445,0.010569345383418138,0.7353168,-0.07281817,-0.33485505,24.929785,-0.5011888,-52.31977
-0.0016038720699999992,-0.008938854108000003,0.029265167896600004,-1.597590718,-0.03552496870599999,-9.702960645999998,0.2619608033333333,0.023092099888888887,0.3666500344444444,0.018496127355666303,0.7065671,-0.058625344,-0.30066776,25.08984,-0.5010787,-52.381187
-0.018110085916600002,0.005264975066,0.015110248878,-1.5473079696119998,-0.014557607300000011,-9.595686300000002,0.2616308088888889,0.020186405777777777,0.3673602888888889,0.15264477572598167,0.6443129,-0.04797251,-0.29798594,25.241163,-0.5175937,-52.403244
0.04624993275859998,0.04697817135664001,0.33905478971999997,-1.5952646247839999,0.19945445829999997,-9.985338604,0.2613420625,0.0158278634125,0.36957985,0.08902586423433867,0.60591924,-0.038958408,-0.26874,25.382978,-0.5267811,-52.449482
0.17448171499799997,-0.23824079868800002,0.6655709546,-1.4628364631999997,0.11772277459999997,-9.254555803999997,0.26988060799999997,-0.01148566626,0.363347345,0.02482622272365731,0.5523848,-0.0060161445,-0.29523528,25.510614,-0.5363052,-52.505497
0.6274957546,-0.21617462942800003,0.7299372525999996,-1.48263285304,0.25953606405999996,-9.473717105999999,0.2886901711111111,-0.026627564,0.3485384722222223,-0.07058777127947202,0.506736,0.028522762,-0.26255393,25.61552,-0.5329282,-52.567406
0.6554773198000002,-0.18650198145999997,0.7659117002000003,-1.4816795558999996,0.24400713816000003,-10.027548245999998,0.3032098488888889,-0.03179324277777777,0.3414358966666667,0.006417138235908837,0.53860044,0.14525008,-0.14526214,25.734905,-0.51760995,-52.593414
0.5197760643999999,-0.24891185829999998,0.7743621550000002,-1.6439039399000002,0.26542850358,-10.180603123999994,0.3160795366666667,-0.045030297000000004,0.3325576866666667,-0.006184808500519168,0.57882637,0.4867121,-0.16199723,25.851133,-0.4571715,-52.603764
0.26995970252000007,-0.11811869543999999,0.7938665050000001,-1.7269348079999998,0.1981936917,-10.476309204000001,0.3263093011111111,-0.074087241,0.32438971777777775,0.018699425917404255,0.59962535,1.0609756,-0.13496591,25.981955,-0.29804718,-52.61622
0.05305815352000003,0.07260920786000001,0.8172274929999997,-1.7287161326799998,0.28857875611999995,-10.236079886,0.31673952,-0.11993264555555556,0.3222589444444445,-0.06880866808768893,0.605237,1.8426639,-0.10867426,26.112213,0.009945301,-52.627018
-0.04085887463599999,0.20019115876799998,0.8279839762000002,-1.8139422441999997,0.37471714779999993,-10.241774402000003,0.2886901777777778,-0.1712665822222222,0.33646409555555556,0.13317305246988909,0.5730136,2.6296012,-0.08612401,26.230751,0.46567056,-52.626766
-0.022940042525999998,0.22781816252000003,0.8106716072000001,-1.9300606864000003,0.31117915954,-10.115679295999998,0.24678116444444442,-0.22227767,0.3414358933333334,-0.12406333287557025,0.5317643,3.3826442,-0.070247576,26.34284,1.0999496,-52.61736
0.08567790265000001,0.28274113404,0.5777487736000001,-1.9615539687999997,0.45789307130000007,-9.989773155999998,0.19959229222222222,-0.2545631666666667,0.35280002444444447,0.11132588753333472,0.4934609,3.932702,-0.073456235,26.45382,1.8252496,-52.619987
0.04679564199,0.33938176960000005,0.3248724634,-1.994017662260001,0.4750188363,-9.638379190000002,0.15768328777777782,-0.26780021666666665,0.3677154233333333,-0.09396206677615027,0.49727505,4.372664,-0.11446133,26.569204,2.6340826,-52.636574
-0.0088484534526,0.3087067498,0.14822656769999995,-1.8495751142800003,0.49363639534000014,-9.802201752,0.12402408200000002,-0.27393445777777775,0.3790795488888889,0.30494101492913295,0.4592878,4.6786256,-0.08795271,26.687332,3.573104,-52.64069
0.009936711560000002,0.10073558130600001,0.03922989851136,-1.9766139687,0.6107373087199999,-9.668820711999999,0.10504953299999999,-0.27474159,0.38396257,0.17927133120023164,0.39974573,4.8308544,-0.10791343,26.776844,4.547041,-52.671856
-0.030609884384000013,0.0067923038240000014,-0.0020434408935999992,-1.8589899466999993,0.61989224416,-9.516172190000002,0.10092463222222221,-0.2752258666666666,0.38618212111111117,0.062370352692656894,0.3627443,4.8772244,-0.115460455,26.873552,5.504852,-52.730896
-0.02165186,-0.02877893205599999,-0.022728552156,-1.9302042213399997,0.5685907336799998,-9.391799919999999,0.10224460022222222,-0.2761944277777778,0.38050006666666664,0.2506428708086954,0.2981903,4.8988504,-0.1295333,26.946526,6.4761686,-52.783905
-0.009758752399999997,-0.025610528329999993,-0.009620600914,-1.997099614309999,0.5212809105199999,-9.303569072,0.10455454444444444,-0.27780871444444444,0.3829859677777777,0.10366025337806128,0.2627478,4.892338,-0.106122665,27.017633,7.4777656,-52.8657
-0.019149203089999997,0.018891181888000003,0.0011849505212000004,-1.8991022040800007,0.6135602096340002,-9.219116778000002,0.10653449622222225,-0.27716299666666666,0.3805000633333333,-0.4231776090768662,0.20982555,4.9068956,-0.04924936,27.06913,8.439898,-52.945557
-0.059659250562,0.007294202879999998,-0.010605887621999998,-1.9436239054000004,0.666500757,-9.366417323999999,0.1054207735,-0.27910015,0.37996737124999996,0.42236460172212986,0.1746836,4.9049716,0.04336122,27.116549,9.40048,-52.935936
0.003840246222000001,-0.006300093053999999,-0.006583704217199999,-1.9319134644000007,0.5802151975999996,-9.383462594000003,0.1052145288888889,-0.2813601388888889,0.3780141655555555,-0.008856060740711769,0.126254,4.9171147,0.081861734,27.156494,10.357418,-52.982616
-0.020601552061999998,0.01551279441908,0.002575422785999999,-1.9379633323199996,0.543243969843,-9.484779154000002,0.10534652520000003,-0.282005845,0.3777300579999999,0.11820736560192735,0.11112846,4.9161863,0.09619201,27.180283,11.365903,-53.00875
-0.013201677790000003,-0.009519921074000006,-0.00019042867759999939,-1.8946431168000004,0.6521514763999999,-9.367745164000002,0.10455454488888888,-0.2836201,0.3780141622222222,-0.005342564740024258,0.09632583,4.922999,0.11571312,27.205236,12.347754,-53.036472
-0.012882913800000005,0.012095461618199996,0.004539868652400001,-1.8879388797000005,0.5122772586,-9.500180160000003,0.10393581075,-0.28454829375,0.37637168749999994,-0.0019743547334769573,0.09982292,4.919018,0.14629583,27.227753,13.305768,-53.04092
-0.0021993460200000012,-0.009437069480000003,-0.0030936217667999998,-1.9138099833399997,0.52388991506,-9.504972268,0.10475254000000002,-0.2849115,0.37773005499999995,0.3349066907232938,0.09450456,4.912008,0.17201899,27.24553,14.279344,-53.051674
0.004378940707999998,0.007005927704,-0.0011417690968000003,-1.8446348575899996,0.58901735708,-9.492962556,0.10393581074999998,-0.28491150000000004,0.37597216499999997,0.08745791099883604,0.09175304,4.930148,0.16370063,27.27323,15.225922,-53.116318
0.010803684796000001,-0.05491017831199998,-1.0533248799999978e-05,-1.9215296955999994,0.5556600524439999,-9.354298912,0.10719448000000002,-0.28458865000000005,0.37588338888888895,-0.5098515054681787,0.12322654,4.93156,0.15072672,27.307913,16.194004,-53.1694
-0.012377265387399998,0.01409031455,0.002722908692599999,-1.982838249,0.5501369509,-9.176763840000001,0.1075244717777778,-0.28362010000000004,0.37694877222222223,-0.24503919318482126,0.10876603,4.9473624,0.19925335,27.325851,17.184586,-53.183266
-0.02109727394,0.04222731949999999,-0.0084088381404,-1.8546047649999997,0.66028737128,-9.437726309999999,0.1078544637777778,-0.28394294999999997,0.37623851666666663,-0.08185369365817863,0.08605896,4.9675107,0.29729953,27.32963,18.214046,-53.138077
-0.0380196365006,0.03403887908940001,-0.00627845508132,-1.9490119680000004,0.6614930145599999,-9.680225537999997,0.10389456066666666,-0.28523436,0.3744628711111111,0.08876445791223553,0.060105354,4.986759,0.32003856,27.32816,19.20361,-53.077103
-0.019468762311999992,-0.01231152456,-0.009475945890200005,-2.0714189814000004,0.5955996969399999,-9.790390059999998,0.1042245533333333,-0.2881400911111111,0.3748180022222222,0.3517479608347127,0.059935898,4.985089,0.2939977,27.3237,20.19081,-53.03395
-0.009229976181480002,-0.041860119409999993,0.013831288056,-1.9246297807999997,0.6588750522399998,-9.514979782000001,0.10554452044444446,-0.28846294222222224,0.3726872222222223,-0.2562178176837975,0.06965148,4.9604573,0.24128437,27.332254,21.203392,-53.045277
-0.014416434969999998,0.008515621041399997,0.018579852539999994,-1.9151416310000002,0.62734450276,-9.665479294,0.10521452866666667,-0.2894314955555556,0.3737526122222223,-0.20807556005624583,0.07204283,4.960437,0.23527585,27.329817,22.162401,-53.01361
-0.015516466196000002,0.0014895066539999994,-0.0027598038232,-2.0322156563740004,0.6977383351199998,-9.718916572000001,0.10488453733333332,-0.29040004888888893,0.3730423566666667,0.3195948600769043,0.0818531,4.9636097,0.2371174,27.327147,23.130524,-52.963814
-0.0028163663239999985,-0.041980489732000005,-0.0038302718620000006,-2.0150934296000003,0.60115292028,-9.622334232,0.10587451266666667,-0.29040004888888893,0.37091158666666674,-0.18294899804251585,0.10495408,4.9335256,0.19154051,27.328022,24.091528,-52.966114
-0.00037531855260000024,-0.04325269783920001,0.0025600012681999997,-2.0180668294399995,0.6332236182000002,-9.513333858,0.10950442377777776,-0.2913686111111111,0.37304236,-0.3822364021133584,0.12618624,4.942115,0.17772278,27.349121,25.106222,-52.959038
0.025364100289999997,0.007737360118000001,0.0113156615652,-2.1056276955999995,0.7217197880600001,-9.451912284,0.1111543828888889,-0.29040004888888893,0.3726872255555555,-0.14056561019394387,0.1307675,4.9537625,0.20042954,27.379475,26.079685,-52.906967
0.012933953015200004,0.04513155241199999,0.01270099913176,-1.9478230640400005,0.6507575926000001,-9.725612941999998,0.10917443155555556,-0.2881400911111111,0.37375261222222217,0.14015919821602907,0.15636995,4.9583526,0.2517435,27.407423,27.0532,-52.82856
0.042510533719199994,0.001008326394999999,0.016004734024000003,-2.1038902591799995,0.64057712272,-9.899122621999998,0.10488453644444444,-0.2874943711111111,0.37410774666666674,0.044048377445765396,0.16472183,4.967092,0.2096107,27.437353,28.065954,-52.77378
0.030625151828000005,-0.018862945305999995,0.019352563587200004,-2.03897180984,0.5996609687199999,-9.799067180000002,0.10653449666666667,-0.28555722,0.37659364444444443,-0.050959288418948034,0.17560674,4.948271,0.138825,27.478193,29.028683,-52.755524
-0.01103283587,-0.012089048411000001,-0.009521524787400001,-2.049467126,0.6275919365999999,-9.748760658,0.10653449644444445,-0.28426579999999996,0.37694877888888884,0.3178334655342532,0.1714169,4.9587893,0.095779285,27.505888,30.007708,-52.732586
0.014441027573999999,-0.013428104817999996,0.0014238922189999997,-2.0008822952599994,0.5112820761999998,-9.580739236000001,0.10764821875000001,-0.28382188125,0.37677120999999997,-0.08734168063153369,0.16497411,4.971051,0.05289235,27.52562,31.027971,-52.769806
-0.007269392957399997,-0.00521596164,0.00981926589356,-2.0373119325999993,0.5054438707839999,-9.573725196000003,0.10719448022222224,-0.2836201,0.3776590311111111,-0.006910617534931163,0.16283122,4.9651966,0.02297149,27.539362,31.999952,-52.78646
3.24923431999993e-05,0.011236976216,0.003887953143319998,-2.0979975822,0.5491259523400002,-9.517453214000001,0.10719448000000002,-0.2849115,0.3755282544444443,0.10784147597931337,0.1496818,4.991726,0.042451527,27.553183,32.99533,-52.80611
-0.010297369919999999,0.014678950227600003,-0.004348004976,-1.9279641964,0.5599117038000001,-9.428669187999997,0.10653449666666667,-0.28394294999999997,0.37659364444444443,0.29582362646585025,0.13703337,4.9985094,0.054755583,27.56778,34.02703,-52.820316
-0.028427369887399995,0.002843975785999997,-0.011092248400000003,-1.9630213495000004,0.6612018728,-9.384353036,0.10521452866666665,-0.28523436,0.37481800222222217,0.023519702010101895,0.12920235,4.9988637,0.03241783,27.572262,35.021187,-52.876076
-0.02179735031800001,-0.010945369459999996,-0.016125688310200007,-2.0520539408000005,0.6029172637880001,-9.427733842000002,0.10686448844444445,-0.28652579999999994,0.3741077400000001,0.07282341181576868,0.10333368,5.0123134,0.055637896,27.577229,36.03817,-52.924557
-0.021587653220000003,0.0033967847799999977,-0.019284127694000005,-2.033910304844,0.48588465722000007,-9.329722394000001,0.10653449666666667,-0.28749438,0.37552826444444437,0.27747267681163734,0.11322956,4.995205,0.06079256,27.581078,37.077946,-53.006256
0.0027714175000000006,-0.04779372167339999,-0.016230152209393996,-2.0904911705399996,0.5306892187600001,-9.273356776,0.11082439244444445,-0.2881400911111111,0.37304235333333335,-0.14210465976170106,0.1275899,4.98939,0.05959136,27.578447,38.052505,-53.07621
-0.0007995729819999997,-0.018799385944,-0.0081414253214,-2.11506638,0.6035360248740002,-9.18202209,0.11379432333333335,-0.28684866,0.3737526088888889,0.07561100446260838,0.13186422,4.987606,0.13873902,27.590622,39.03918,-53.11948
-0.02016238815599999,0.023056414526999993,-0.0088156044472,-2.0024669482,0.5060660456999999,-9.234434491999998,0.11478430177777779,-0.28717151999999996,0.3730423566666667,-0.025203594794639628,0.131611,4.9948273,0.1920937,27.598824,40.029423,-53.146744
0.01699926325,0.013179029139999998,-0.0080765938264,-1.9852365193999995,0.6201265636000001,-9.252151470000003,0.11379432333333335,-0.28684866,0.3730423600000001,-0.09779483931405153,0.131611,4.9948273,0.1920937,27.598824,40.029423,-53.146744
0.017147275000000003,-0.00034387571200000756,-0.0054559274572,-2.1346331238,0.50780351499,-9.585946331999999,0.11148437622222224,-0.28652579999999994,0.37268722555555567,-0.08107000654870333,0.14283466,4.9974294,0.23596482,27.619967,41.05203,-53.167156
-0.0014353652500000002,-0.03121556612199999,-0.0015138279956000006,-2.1234270322,0.6088908458,-9.331058149999999,0.11412431666666671,-0.28491151000000003,0.3719769666666667,-0.24582281217470303,0.13797146,5.010855,0.27295578,27.639826,42.031113,-53.149574
-0.006589267379999994,0.04969271147,0.0004946445786000003,-2.0104899755999996,0.6031352470999999,-9.494273316000003,0.11412431666666671,-0.28523436,0.37304235333333335,0.0084206298157401,0.15536529,5.0015287,0.26799795,27.666496,43.040916,-53.126484
0.0011113412499999965,0.043309208258000005,-0.005775154209000001,-2.1352325976719997,0.6596161463999999,-9.641423748000001,0.11049439911111113,-0.28458865000000005,0.37552825777777776,-0.07296871352981604,0.14817873,5.014258,0.30218303,27.68609,44.093796,-53.046585
0.011407342347599998,-0.026361722983999997,-0.002179378097400001,-2.1434304188,0.59306605036,-9.838805027999998,0.10983441533333335,-0.28362010000000004,0.37304236,-0.13272581519661486,0.14022419,5.026009,0.3103796,27.71489,45.146587,-53.006653
-0.02105496058,0.02986738418,0.003914013709,-2.1103980986800006,0.6714194766,-9.772082744,0.108761942,-0.285637935,0.37717073624999997,-0.1524413915780869,0.12187489,5.0040054,0.24921037,27.735601,46.14077,-52.969643
-0.010298617753999999,-0.020654722716000006,0.0034563530340000004,-2.06647115036,0.6618130198,-9.411609437999997,0.10950442377777776,-0.28588008,0.3758833888888889,-0.060221750657637685,0.112233795,5.0154862,0.21008721,27.763042,47.145626,-52.920986
-0.0037862779907999944,0.028829222585999993,0.011155351987999997,-2.0985302764,0.6855652975200001,-9.734626208,0.1088444397777778,-0.28620293999999996,0.37410774,0.0480263102185603,0.09375031,5.012318,0.20205252,27.777267,48.170597,-52.871464
0.0022408416400000004,-0.037477578654,0.008610950550000001,-2.2872716532,0.60486887353,-9.913172933999999,0.10785446422222222,-0.28620293999999996,0.3744628744444445,-0.6357536525516725,0.08468852,4.9975758,0.19277275,27.802546,49.20967,-52.81812
-0.0008289727100000004,-0.022282641676000015,0.01537322253,-2.0654984556800002,0.7086190041999998,-9.579386325999998,0.11016440755555557,-0.28717151999999996,0.37233210111111115,-0.010598455156598519,0.070118986,4.9874597,0.16989006,27.820732,50.21392,-52.763893
0.011690247769999995,0.010555120286199999,0.011915046219100006,-2.2314105466000003,0.68994864734,-9.900737564,0.10950442355555559,-0.28620293999999996,0.3748180022222222,0.24274499075753297,0.07270795,4.9541144,0.14869484,27.849194,51.206566,-52.65543
0.0006402549400000002,-0.015071938304700003,0.017632313573699997,-2.2534779738,0.5950041162000002,-9.979544850000002,0.10851444800000001,-0.28588008,0.37410774333333335,-0.10859631968068584,0.05495967,4.947447,0.11530485,27.864202,52.24114,-52.581326
0.011106289318,-0.036312849284,0.0137543261304,-2.2861104792000004,0.6488149834000001,-9.953698634000004,0.10917443177777776,-0.28523436,0.37446287111111115,0.21504408448607215,0.057503376,4.920322,0.055706013,27.874733,53.264084,-52.52831
-0.01498619659,-0.038334300626,0.003438921614000001,-2.2742680578,0.6315178932800002,-9.725198532,0.11181436644444445,-0.28620293999999996,0.37481799888888895,0.059350611089350025,0.0515344,4.920618,-0.032952134,27.878582,54.23998,-52.50261
-0.011614753775999999,-0.012314831259999997,0.0004502810488000003,-2.2235713292,0.5359388783400002,-9.55867021,0.11379432333333335,-0.28717151999999996,0.3719769666666667,-0.08954864019876041,0.035353165,4.9224005,-0.089890145,27.893406,55.233574,-52.5181
0.025604951747999996,-0.009481564165399999,-0.0007121414668200002,-2.2274934712000003,0.5877564640799998,-9.554969692000002,0.11511429666666667,-0.28684866,0.3719769666666667,0.198899945059976,0.03131264,4.922887,-0.115790196,27.911762,56.22467,-52.528957
-0.010630107820000003,0.009414925620000002,-0.0026863158933000003,-2.1165191388,0.6398781976000001,-9.382505208,0.11445431000000002,-0.28588008,0.3726872288888889,0.03362438180944416,0.05512388,4.9200745,-0.12695672,27.920578,57.256943,-52.561123
0.032865272139999985,-0.002350668002,0.001410160813,-2.2622688176,0.4452970900000001,-9.527278785999998,0.11379432488888891,-0.28555722,0.37197697,0.017189586555563352,0.056883007,4.935217,-0.14007607,27.935276,58.237976,-52.587654
0.015637780860000002,0.0180647646648,0.009658425680000002,-2.1481625457,0.54232296646,-9.354983099999997,0.11379432333333334,-0.28394294999999997,0.3751731266666667,0.0296172257308136,0.06362442,4.9313684,-0.10764888,27.94913,59.262863,-52.632584
-0.011811520559999997,-0.009544015158000003,0.005030756978800002,-2.1729580578000003,0.5896683766,-9.463011531400003,0.11247435155555557,-0.28362010000000004,0.3741077400000001,0.0407090658669933,0.06373735,4.964557,-0.07717443,27.961277,60.232193,-52.660862
-0.024574771130000003,-0.023023404951000002,0.005046130794799999,-2.1902162444000006,0.6191902005,-9.38893703,0.11313433977777781,-0.28491151000000003,0.3730423566666667,-0.063735055399464,0.04416652,4.9631786,-0.076742984,27.970537,61.26298,-52.691444
-0.010144465907999993,0.03612599146600002,-0.0020983199377799995,-2.2173749606,0.51884584484,-9.395916525999997,0.11280434644444444,-0.28620293999999996,0.3737526122222223,0.05072664428543128,0.025536466,4.9680266,-0.053617734,27.977781,62.266018,-52.709335
-0.021458390886,0.01573098766,-0.0077010742799999985,-2.06388910418,0.6381362614000001,-9.400937462,0.1111543828888889,-0.28620293999999996,0.3755282611111111,0.04512273348294826,0.012724706,5.005431,0.010091239,27.987432,63.272175,-52.72058
0.008081914387999996,-0.006472415078,-0.007888701840599999,-2.2940657330599996,0.5319375644000002,-9.566077272,0.11148437466666668,-0.28588008,0.37481799888888884,0.07073285029484744,0.0032882064,4.997967,-0.0029052575,27.987045,64.27149,-52.743202
-0.01868164778,-0.02382052544400001,-0.0002444355056399998,-2.3048445028000004,0.5914329536400001,-9.395906447999998,0.11247435311111113,-0.28684866,0.37517312999999997,-0.27982451365544314,0.014851329,5.0153613,0.0063282456,27.995682,65.32152,-52.76744
0.010159667674000004,-0.010456789219999995,-0.00017088007099999963,-2.1976420287200007,0.5873945044400001,-9.252571477999998,0.11445430844444447,-0.28620293999999996,0.37517313,-0.11611678050114627,0.02576378,4.9949284,0.0138650965,28.0057,66.32805,-52.76779
-0.0042736718,0.007032983763399999,0.0075869201834,-2.36431192676,0.5865984012800002,-9.673080118,0.11511429200000002,-0.28717151999999996,0.3716218422222222,0.10441506039965276,0.026985325,4.976419,0.023069197,28.014128,67.347626,-52.757492
0.022134919858000007,0.024510770146,0.008248287957000002,-2.1941265219800004,0.59372056988,-9.451664950000003,0.1131343366666667,-0.28620293999999996,0.3755282644444444,-0.13043180926815445,0.024275335,4.9890623,0.050978735,28.021317,68.40543,-52.725903
-0.022578760772000005,0.042441076393999994,-0.002143008686000001,-2.31833307812,0.5375293083340003,-9.854936966,0.11016440733333333,-0.28620293999999996,0.3758833855555555,0.22517771773286022,0.030699152,4.9769645,0.048638735,28.030783,69.42867,-52.692844
-0.0006225877040000031,0.018770917225999995,-0.010934670419400001,-2.2766738734,0.6085023902000001,-9.582599223999997,0.10752447222222224,-0.28620293999999996,0.37410774,0.1394624448084567,0.011475851,4.98948,0.0384419,28.030504,70.441216,-52.66824
0.00013119437399999775,-0.022167943475999992,-0.005952432204,-2.05829479966,0.59469900046,-9.570178429999997,0.10917443177777776,-0.28555722,0.37481799888888895,0.04436768018282322,0.03266758,4.9786325,-0.0013343969,28.048918,71.430405,-52.692276
0.013190315163999997,-0.015928935366,-0.0028878500156999994,-2.2514669676,0.4904434302,-9.49322916,0.11115438266666669,-0.28555722,0.37481799888888895,0.06335753660935595,0.025394278,4.974922,-0.022647025,28.066936,72.487946,-52.705223
0.028877153335399995,0.0361708727288,0.0024517668547999996,-2.1210210054,0.47711184019999986,-9.528489922,0.10983441555555555,-0.28329725,0.3751731333333334,-0.08034377045683705,0.03775171,4.9681745,-0.033674814,28.083883,73.498955,-52.747383
0.035628404457999995,-0.0108461328372,-0.003937359160800001,-2.169984016200001,0.43295704328,-9.402773282000002,0.1088444397777778,-0.28232870000000004,0.37978980444444443,0.04863597010518106,0.049421303,4.988425,-0.0040097013,28.11032,74.506615,-52.758266
0.029773780886000002,0.016267065727999994,-0.005549674047,-2.17984284074,0.463020565,-9.490959504,0.10818445600000001,-0.2787772911111111,0.37836928999999997,0.003832874717293322,0.0769737,4.9765496,0.0005501443,28.15571,75.511154,-52.79424
-0.004502889423999999,-0.006959100731999999,0.0041218850332000005,-1.9916151485,0.4965871297999999,-9.403918285999998,0.10983441577777778,-0.2784544322222222,0.3797898077777778,-0.0688746001694227,0.0641098,4.96072,0.00963043,28.17937,76.50499,-52.807533
-0.004278716920000004,-0.010431744717999996,0.0045628531924,-2.111684524466,0.5818664901999999,-9.379463922,0.10950442377777778,-0.2784544322222222,0.37978980444444443,0.28969713881775583,0.034850996,4.956851,0.01906484,28.203718,77.54286,-52.826187
-0.014820588134000003,0.008663669222000002,0.002896857263000001,-2.0567334034,0.49372134881800006,-9.349469417999998,0.10752447222222222,-0.27910015,0.37907954555555556,-0.09050688900790504,0.013958616,4.955719,0.033433296,28.22514,78.53653,-52.847496
-0.020183943599999997,-0.026460648875999998,0.005736169872000001,-2.1771249384,0.5344806461199998,-9.63468576,0.10801946,-0.280553,0.37836929249999995,-0.06382219608013351,-0.012961588,4.9598246,0.05545508,28.233952,79.54092,-52.862957
-0.012312519138,0.029693125357999995,0.007920753734,-2.1007859575999994,0.5121247750000001,-9.4485775,0.10917443199999999,-0.2813601388888889,0.37623851333333325,0.05278838335812708,-0.032511063,4.9632635,0.08890869,28.240858,80.52957,-52.8583
-0.020440353637999998,0.2017851998,0.014074939128599997,-2.210518155200001,0.5677077905399999,-9.535575927399998,0.10257459155555554,-0.28200584444444443,0.37943467999999997,-0.1487249384869589,-0.06164605,4.975251,0.076507196,28.236311,81.51515,-52.86425
-0.02199906660000001,0.35793680840000003,-0.00388376622,-1.9497680720000006,0.597115997584,-9.400469780000002,0.08099310359999998,-0.28433037,0.38380276099999994,0.1536319334428402,-0.052042928,4.9321322,0.0701762,28.241709,82.56329,-52.861652
0.0054198823300000065,0.20765553142,-0.021033762488,-1.9800909444000003,0.42816687540000004,-9.818540483999996,0.056705675999999997,-0.2829744,0.38866802222222224,0.2208224024091443,-0.08258727,4.838746,0.09730549,28.232504,83.53455,-52.86367
-0.01718635788,0.139860983544,-0.0059752451969999985,-1.8145274321999998,0.39845843379999984,-9.467622488,0.04548594255555556,-0.28200584444444443,0.3897333955555556,-0.03461131944761142,-0.06325481,4.6234317,0.0414804,28.217905,84.52149,-52.911217
-0.034565928474,0.11527313379999998,0.0004154288019999998,-1.688200209999999,0.6619601108000001,-9.523030446000002,0.033606225,-0.28362010000000004,0.38973340222222214,-0.23264030833820826,-0.057422556,4.351566,0.04579819,28.210081,85.42023,-52.946854
-0.006920673544999997,-0.014019609060000004,0.0008676394626,-1.7140075420799994,0.4855352488000002,-9.499715393999997,0.02997631144444444,-0.28491151000000003,0.3868923833333333,-0.08870642525809025,-0.08282227,4.0544577,0.08744007,28.19096,86.26784,-52.964252
-0.02546272621200001,0.025441656230000005,0.016474376352,-1.5213677726800001,0.48668672887999986,-9.437201217999998,0.03030630366666667,-0.28620293999999996,0.3883128811111112,-0.08231836884886512,-0.06042913,3.7546606,0.15672939,28.173397,87.05055,-52.934654
0.02418741238599999,-0.03407303406000001,0.025089353287000002,-1.5979904824,0.5332153998600001,-9.72877013,0.029646319222222224,-0.28555722,0.3897333955555556,-0.4089498519897461,-0.059163623,3.4587917,0.21114072,28.166763,87.80719,-52.899105
0.00747556154,-0.021109895655999997,0.044087805439999996,-1.4952494806799999,0.5381880539,-9.86255492,0.029646319222222224,-0.2849115,0.3897334055555555,-0.30557980380215355,-0.029605392,3.1470914,0.24212782,28.156134,88.469955,-52.810303
